Project Name,Project Description,Project Type,Project Manager,Region,Department, Project Cost , Project Benefit ,Complexity,Status,Completion%,Phase,Year,Month,Start Date,End Date
"Fierce, Inc.","While Traditional Marketing Approaches Have Never Been More Expensive, Is A Solution For Founders Who Want To Win At Content Marketing. Our Team Of Experienced Marketers Has Created A Proprietary Algorithm, Which Is Continuously Learned And Improved.",COST REDUCTION,Brenda Chandler,North,Warehouse,"45,57,606.00","90,14,448.00",High,Completed,100%,Phase 5 - Measure,2021,4,04-01-2021,07-01-2021
Town Hall Meeting,"Was Founded By A Group Of Marketers Who Were Tired Of Relying On Content Creation Scripts And Templates, And Wanted To Run A Business With The Perfect Balance Of Creativity And Efficiency. We Believe That Automation Is The Key To Optimizing The Way We Create And Consume Content And We Want To Give Founders And Marketers The Same Tools We Use To Scale Our Own Content Marketing Efforts.",COST REDUCTION,Nyasia Hunter,North,eCommerce,"34,42,649.00","90,70,797.00",Low,Completed,100%,Phase 2 - Develop,2021,5,05-01-2021,08-01-2021
Passion Chasers,"Is A Solution For Founders Who Want To Win At Content Marketing. We Use Proprietary Ai To Analyze The Competition For Your Topic, And To Help You Create Optimized Content Faster With State Of The Art Ai Generation. Technology \N \N Ai-Powered Content Management System For Cmos",COST REDUCTION,Brenda Chandler,South,Supply Chain,"59,53,512.00","85,86,905.00",Medium,Cancelled,89%,Phase 2 - Develop,2021,6,06-01-2021,09-01-2021
Static Startup,"If You Are Making Less Than $50,000 With Your Startup Company, You’Re In Luck. Companies Who Are Making Less Than That Are Eligible For The Associations Now Program. Associations Now Is An Algorithm That Helps Startups Find Niche Or Narrow Topics That Are Related To Your Industry Or Target Audience. It Is Like Word Of Mouth Marketing, But You Pay For It!",COST REDUCTION,Jaylyn Mckenzie,East,Admin & BI,"58,69,643.00","88,02,862.00",High,Completed,100%,Phase 3 - Plan,2021,12,12-01-2021,03-01-2022
Yoda,"A New Method For Creating Content Is On The Horizon. Instead Of Grinding Away At A Text Editor, Is A Brand New Solution For Founders Who Want To Win At Content Marketing. By Using A Proprietary Ai, Analyzes The Competition For Your Topic Online Based On The Density Of Articles (Seo), Average Length (Ltv), Content Analysis (Average Article Quality), And Other Popular Ranking Factors To Act As Your Content Marketing Coach. This Means You Can Create Optimized Content Faster With State-",COST REDUCTION,Yael Wilcox,North,Admin & BI,"58,59,707.00","86,97,391.00",Medium,In - Progress,80%,Phase 4 - Implement,2022,7,07-01-2022,10-01-2022
Match Of Health,Quickly Identify Who Your Competition Is On Any Given Topic-Using Ai Learn How To Create Optimal Content Faster With State Of The Art Ai Generation-Compete On Topics Across Industries-Discover What Content Works,COST REDUCTION,Kamari Norris,West,eCommerce,"41,72,827.00","89,42,009.00",High,In - Progress,75%,Phase 1 - Explore,2022,7,07-01-2022,10-01-2022
No-Bull Bootcamp,"Is The Only Ai-Enabled Content Marketing Tool That Helps Founders Win At Content Marketing. Built By Marketers For Marketers, Our Proprietary Ai Technology Analyzes The Competition For Specific Topics, And Our Content Generation Engine Provides State Of The Art Ai-Generated Content For Maximum Impact.",COST REDUCTION,Kamari Norris,West,Admin & BI,"27,45,999.00","85,67,877.00",Low,Cancelled,88%,Phase 4 - Implement,2022,9,09-01-2022,12-01-2022
School Leadership 2.0,"Want To Win At Content Marketing? Is Here To Help. We Give You The Capability To Output Highly-Optimized, Contextual Content Through Ai-Generated Content In Minutes. You Can Build In Content In Minutes Without Having To Even Write Anything. Our In-House Ai Takes Care Of The Optimizing Of All Your Content For Your Industry And Audience.",COST REDUCTION,Kamari Norris,West,Supply Chain,"44,97,364.00","90,22,111.00",High,Completed,100%,Phase 2 - Develop,2022,10,10-01-2022,01-01-2023
Road-To-Success Workshop,"Works With You To Win. You Can Get Started With 10 Days Free Trial.\N-Works With Any Size Company, No Matter Your Size\N-All Features Are Accessible From Our Wordpress Plugin",COST REDUCTION,Brenda Chandler,North,Admin & BI,"46,46,988.00","90,06,076.00",Medium,Completed,100%,Phase 2 - Develop,2022,12,12-01-2022,03-01-2023
Code Change Group,Join Up With The Leader Of The Pack. All Founders Need To Win At Content Marketing,COST REDUCTION,Nyasia Hunter,North,Supply Chain,"54,12,530.00","85,27,421.00",Medium,In - Progress,80%,Phase 2 - Develop,2023,1,01-01-2023,05-01-2023
Moving Bird,"Allows You To Track And Optimize Your Content And Build A Personal Content Plan Tailored To You And Your Business Strategy. You’Ll Know How Well Your Content Is Performing And Understand How Different Versions, Versions Changes And Versions Versions Compare Against Your Content Targets.",COST REDUCTION,Deacon Delacruz,West,Supply Chain,"45,05,069.00","84,78,594.00",High,Completed,100%,Phase 1 - Explore,2023,5,05-01-2023,08-01-2023
Leadership Minds,"It Just Not In The Script. Using Award-Winning Ai Technology, Helps Content Marketers Win With Content That Drives Results. Experts In Your Market Segment Align Your Content Strategy To Your Audience’S Needs.",COST REDUCTION,Aleena Khan,East,Supply Chain,"31,07,456.00","90,40,473.00",Low,Cancelled,82%,Phase 2 - Develop,2023,7,07-01-2023,10-01-2023
Commission Kings,"Is An Ai-Powered Marketing Platform That Helps Businesses Create Optimized Content Faster. It Uses Ai To Analyze The Competition To Find The Right Channels For Your Business, And Helps You Build Better Content For Any Market Using State Of The Art Ai Generation Technology.",COST REDUCTION,Deacon Delacruz,North,eCommerce,"30,14,053.00","89,04,627.00",Low,Completed,100%,Phase 3 - Plan,2023,11,11-01-2023,02-01-2024
Stratos,"Is Your End-To-End Solution For Winning At Content Marketing. ’S Proprietary Ai Will Analyze The Competition For Your Topic, And Help You Create Optimized Content Faster With State-Of-The-Art Ai Generation.",COST REDUCTION,Jaylyn Mckenzie,East,Sales and Marketing,"24,29,395.00","89,13,514.00",Low,In - Progress,74%,Phase 1 - Explore,2023,12,12-01-2023,03-01-2024
A Night To Celebrate,"Is A Global Content Marketing Software Company Offering A Saas Platform For Fast, Scalable, And Reliable Content Marketing. The Platform Is Specifically Designed For Top Ceos, Design Agencies, And Developers Who Want To Compete Effectively In Today’S Customer-Focused World.",COST REDUCTION,Nyasia Hunter,North,Warehouse,"27,06,279.00","85,47,124.00",Medium,In - Progress,86%,Phase 4 - Implement,2024,4,04-01-2024,07-01-2024
The Domain Of Work,Get The Edge. The Promise Of The Future Is That Anyone Can Create Any Content They Want By Routing Their Personal Skills And Experience To An Area Of Expertise. What Do You Th The Most Important Skill In The Future Is? How About The One Most In Demand? Quite Possibly Both Are “Content Marketing. ”,COST REDUCTION,Brenda Chandler,West,Supply Chain,"51,50,366.00","88,77,742.00",Low,On - Hold,72%,Phase 3 - Plan,2025,4,04-01-2025,07-01-2025
Impact Training,"Is A Solution For Founders Who Want To Win At Content Marketing. With Industry Leading Ai, We Find The Content That Matches Your Audience, And We Help You Create Optimized Content And Scale With State Of The Art Ai Generation.",COST REDUCTION,Deacon Delacruz,North,Supply Chain,"56,20,822.00","87,57,403.00",High,Completed,100%,Phase 5 - Measure,2025,4,04-01-2025,07-01-2025
Social Geek Made,"Is A Startup That Has Taken A Big Shift In The World Of Content Marketing. We Use Proprietary Ai To Analyze And Understand The Competition And Recommend Optimized And Devious Content Strategies To Win The Game. The Three Main Capabilities Of Are Content Generation, Social Media Optimization, And Content Optimization. With Our Ai Driven Content Generation And Optimization, We Help Our Entrepreneur-Founders Get Their Job Done More Efficiently And Effectively",COST REDUCTION,Brenda Chandler,West,eCommerce,"26,81,420.00","90,89,277.00",Medium,Completed,100%,Phase 2 - Develop,2025,6,06-01-2025,09-01-2025
Sirius,"In Today’S World, Content Marketers Must Continuously Search For Compelling Topics, Create Content That Is Optimized For Search, And Manage Their Messaging Across Platforms. In-Focus Metrics And Data Tracking Are Tightly Controlled By The Competitive Landscape, And The The Demands Of Your Customers Mean That Your Content Marketing Strategy Is Constantly Need To Improve. Associations Now Is A Customizable, On-Demand Solution That Blends The Latest In Content Marketing Technology With Modern Tools For Entrepreneurs.",COST REDUCTION,Kamari Norris,South,Warehouse,"48,05,056.00","88,95,516.00",High,Cancelled,79%,Phase 5 - Measure,2025,6,06-01-2025,09-01-2025
Fast Coding,"Is A Solution For Founders Looking To Win At Content Marketing. We Help Entrepreneurs And Startups Stay One Step Ahead By Accurately Analyzing Their Legal And Competitive Landscape, And Working With Our Proprietary Ai Engine, We Provide Custom Generated Content That Will Influence Customers.",COST REDUCTION,Aleena Khan,West,Warehouse,"26,93,471.00","91,03,716.00",Low,Completed,100%,Phase 2 - Develop,2025,6,06-01-2025,09-01-2025
The Discovery Of Era,"In Marketing, If You Want To Win, You Need To Make Sure You Know Your Competition. Our Ai Analyzes The Science Of Content Marketing, Helping You Create Optimized Content Faster, Be Ahead Of Your Competitors, And Win At Marketing.",COST REDUCTION,Yael Wilcox,West,Admin & BI,"49,08,311.00","90,69,817.00",Medium,In - Progress,74%,Phase 3 - Plan,2025,8,08-01-2025,11-01-2025
Revolution,"Was Founded To Help Founders And Entrepreneurs Build Winning Marketing Strategies In The Age Of Artificial Intelligence. We Use Ai To Analyze The Competition And Offer Personalized Content Marketing Suggestions, State Of The Art Ai Generation, And Content Marketing Optimization.",COST REDUCTION,Jaylyn Mckenzie,East,eCommerce,"46,06,575.00","86,58,343.00",High,In - Progress,77%,Phase 4 - Implement,2025,11,11-01-2025,03-01-2026
Rhinestone,Associations Now Is A Casual Game To Teach You How .Io Algorithmically Creates Content For You. It Is The World First Game For Content Marketing Education. Find Out How Your Topic Is Used In The Wild.,INCOME GENERATION,Yael Wilcox,North,Admin & BI,"36,48,615.00","84,43,980.00",High,In - Progress,77%,Phase 4 - Implement,2021,2,02-01-2021,06-01-2021
A Triumph Of Softwares,Is A Fully Managed Content Marketing Software Deal For Saas Companies Who Want To Focus On Their Customers And The Big Idea In 2018.,INCOME GENERATION,Brenda Chandler,West,eCommerce,"40,18,835.00","90,12,225.00",High,Cancelled,80%,Phase 2 - Develop,2021,3,03-01-2021,06-01-2021
The Blue Bird,"Most Content Marketers Know The Golden Rule: You Must Put Quality Content First. Is A Solution For Founders Who Want To Win At Content Marketing, And It Helps You Create Content Faster With State Of The Art Ai Generation. Our Proprietary Ai Analyzes The Content Of Your Competitors And Helps You Generate Optimized Content Faster.",INCOME GENERATION,Nyasia Hunter,North,Warehouse,"42,85,483.00","90,78,339.00",High,Completed,100%,Phase 4 - Implement,2021,3,03-01-2021,06-01-2021
Disruptor Training,"Associations Now Provides A Solution For Founders Who Want To Win At Content Marketing. We Use Proprietary Ai To Analyze The Competition For Your Topic, And To Help You Create Optimized Content Faster With State Of The Art Ai Generation. Our Easy-To-Use Platform Makes It Easy Setup, Test, And Publish Content For Your Business.",INCOME GENERATION,Yael Wilcox,South,Admin & BI,"35,08,173.00","87,62,992.00",High,On - Hold,75%,Phase 5 - Measure,2021,5,05-01-2021,08-01-2021
The Wonders Of Geek,"Is Superior At What It Does. One Examination Of Our Databases Shows Us That, On Average, Competitors Create Content An Average Of 10 Days Before Us. With Our Ai At Work, That Gap Shrs To 2 Days.",INCOME GENERATION,Kamari Norris,South,Admin & BI,"34,40,225.00","87,61,979.00",High,In - Progress,91%,Phase 3 - Plan,2021,9,09-01-2021,12-01-2021
Sputnik,"How Do Asos, Walmart, And Lululemon Do It? They Are All Wildly Successful Brands On The Internet Because They Are Constantly Pushing Out Content For Their Target Audience. However, With The Rise Of Ad Blockers, This Has Become Harder And Harder For The Average Internet Marketer To Achieve. Was Created To Provide An Answer! Uses Ai To Analyze The Competition For Your Topic And To Help You Create The Perfect Content Faster.",INCOME GENERATION,Kamari Norris,East,Warehouse,"29,00,355.00","89,79,944.00",High,In - Progress,84%,Phase 1 - Explore,2021,10,10-01-2021,01-01-2022
Active Achievement,Helps Founders And Marketers Generate Better Topics And Content For Their Organization. We’Re A Software As A Service That Helps Organizations Compete Against Other Organizations By Leveraging Ai And Unique Algorithms To Provide Unique Points Of Differentiation And Competitive Edge.,INCOME GENERATION,Deacon Delacruz,North,Admin & BI,"25,48,471.00","90,25,609.00",Low,Cancelled,78%,Phase 5 - Measure,2021,11,11-01-2021,03-01-2022
Excalibur Training,"Attention, Founders. We Automatically Generate Content For You By Scanning The Sites Of Your Competition--Allowing You To Never Be Caught Off Guard Again. Additionally, Offers A Service That Will Help You Generate The Content For Your Site--So You Can Spend More Time Growing Your Brand, And Less Time On Content Creation.",INCOME GENERATION,Brenda Chandler,West,Sales and Marketing,"38,14,857.00","85,29,903.00",Low,Cancelled,84%,Phase 5 - Measure,2022,2,02-01-2022,06-01-2022
Code Poltergeists,"We Promised Our Founders A High-Quality Product, A Profitable Business, And A Successful Startup Dealing With A Hot Issue Or Pain Point. We Also Promised That Today’S Top Brand Content Marketers Would Have A Tough Time Beating Our Products. That’S Why We Created Incker, A Unique Ai Solution That Can Generate Content Your Audience Will Never Get Enough Of.",INCOME GENERATION,Aleena Khan,North,Warehouse,"32,01,907.00","88,00,186.00",High,Cancelled,77%,Phase 4 - Implement,2022,3,03-01-2022,06-01-2022
Great Leadership,"Is For Founders With Content Marketing On Their Minds. Imagine Being Able To Find Your Targeted Customer On Instagram In Seconds, Share Your Content On The Same Platform Automatically, And Then Use These Insights To Create New Metrics Based On Your Audience’S Engagement.",INCOME GENERATION,Aleena Khan,West,Admin & BI,"56,09,775.00","90,84,256.00",High,Completed,100%,Phase 3 - Plan,2022,4,04-01-2022,07-01-2022
Orange Leaders,"Is A Solution For Brands And Bloggers To Win At Content Marketing. We Use Proprietary Ai To Analyze The Competition For Your Topic, And To Help Create Optimized Content Faster, With State Of The Art Ai Generation. Unlike Machine Learning Which Takes Days For Results, Delivers Content In Less Than 2 Hours.",INCOME GENERATION,Aleena Khan,North,Admin & BI,"45,02,248.00","90,11,638.00",Medium,In - Progress,77%,Phase 5 - Measure,2022,5,05-01-2022,08-01-2022
"Linkage, Inc.","Rebranding Is An Art, And Associations Now Is Your Main Tool. Engage New Customers And Keep Existing Ones With Custom-Tailored And Personalized Content And Experiences And An Easy-To-Use Interface.",INCOME GENERATION,Brenda Chandler,West,eCommerce,"59,13,478.00","90,96,409.00",Medium,Cancelled,74%,Phase 1 - Explore,2022,6,06-01-2022,09-01-2022
The Success,5-15% Of Your First Product Sale Is The Payback.,INCOME GENERATION,Yael Wilcox,South,eCommerce,"26,31,019.00","85,84,025.00",Low,Completed,100%,Phase 3 - Plan,2022,7,07-01-2022,10-01-2022
Yaeger,"""15 Five"" Is The World Most Sophisticated Content Marketing Ai Engine. We Bundle Our Ai With Our Service To Help Companies Climb Up The Middle.",INCOME GENERATION,Aleena Khan,East,Supply Chain,"42,49,668.00","85,48,973.00",Low,In - Progress,89%,Phase 1 - Explore,2022,8,08-01-2022,11-01-2022
The Experienced Dude,"Gets You Up And Running Quickly By Creating A Compelling Content Plan For You Including A Depth Of Content, How To Optimize It, And A Detailed Budget.",INCOME GENERATION,Aleena Khan,South,Warehouse,"55,70,834.00","84,29,375.00",Low,In - Progress,75%,Phase 4 - Implement,2022,10,10-01-2022,01-01-2023
Mentee To Mentor,"Content Is A Cornerstone Of Modern Building A Communications Strategy. It Informs And Engages Audiences, And Serves Consumers Well. However, A Seldom-Addressed Challenge For Marketers Is Building A Consistent Brand Based On Consistent Content That Stands Out With Consumers.",INCOME GENERATION,Nyasia Hunter,West,Admin & BI,"50,72,095.00","86,65,889.00",Low,On - Hold,80%,Phase 4 - Implement,2022,11,11-01-2022,03-01-2023
The Art Of Codes,"Association Now Operates Like An Ai Editor, Working Invisibly Behind The Scenes To Help Brands Create Optimized Content. Associations Now Ai Platform Analyzes The Competition For Your Topic. When Your Ai Content Is Complete, It’S Custom-Printed, Personalized, And Delivered To Your Audience.",INCOME GENERATION,Brenda Chandler,North,Sales and Marketing,"56,43,858.00","85,73,039.00",High,Cancelled,87%,Phase 5 - Measure,2023,7,07-01-2023,10-01-2023
Only Project Experience,"Is An Instant Answer For Content Marketing. It Was Built By Founders Who Want To Win At Content Marketing And Who Understand The Importance Of Interrupting Through Content. Builds, Executes And Manages Long-Term Strategy, And Generates Personalized Content For Your Target Audience.",INCOME GENERATION,Nyasia Hunter,East,Warehouse,"25,11,189.00","87,76,602.00",High,On - Hold,91%,Phase 5 - Measure,2023,9,09-01-2023,12-01-2023
Meetup For The Good,"Is A New Content Marketing Platform That Replicates All Of The Work Of Our Competitor Top-Performing Content, Without Their Busy Workflow Of Copywriter, Editor, And Visual Designer.",INCOME GENERATION,Deacon Delacruz,East,Sales and Marketing,"27,45,287.00","89,57,341.00",High,On - Hold,78%,Phase 2 - Develop,2023,9,09-01-2023,12-01-2023
White Feather,"The App Is The Perfect App For Marketers Who Want To Win At Content Marketing. With , You Can Use Ai To Analyze The Competition, Track Competitors’ Content, Generate Optimized Content, And Engage In Direct Competitor Outreach.",INCOME GENERATION,Yael Wilcox,South,Warehouse,"25,78,748.00","90,69,084.00",Low,On - Hold,91%,Phase 5 - Measure,2023,9,09-01-2023,12-01-2023
Project Explained,"It All Starts With A Simple Tagline: ""Create The Content That Matters."" It An Exciting, Lucrative Tagline That The Core Of The Company Business.",INCOME GENERATION,Brenda Chandler,North,Admin & BI,"51,56,291.00","85,19,274.00",High,Completed,100%,Phase 5 - Measure,2023,11,11-01-2023,02-01-2024
Practice To Perfect,"Instantly Win At Content Marketing. With 15 Five, You Can Now Generate Content With Artificial Intelligence Instead Of Human Labor. Analyzes The Competition For Your Business Topic, Helps You Structure Your Content Faster, Create Content Faster, And Increase Your Chances Of Success.",INCOME GENERATION,Yael Wilcox,South,Warehouse,"32,42,647.00","85,31,617.00",Low,Completed,100%,Phase 3 - Plan,2024,9,09-01-2024,12-01-2024
Soul Spartans,"Is A Solution For Founders Who Want To Win At Content Marketing. We Use Proprietary Ai To Analyze The Competition For Your Topic, And To Help You Create Optimized Content Faster With State Of The Art Ai Generation. With , You No Longer Have To Sit And Wait For Your Content To Be Used.",INCOME GENERATION,Deacon Delacruz,North,eCommerce,"24,18,301.00","91,38,940.00",High,Cancelled,75%,Phase 4 - Implement,2024,9,09-01-2024,12-01-2024
15 Five,"Is A Solution For Founders Who Want To Win At Content Marketing. We Use Proprietary Ai To Analyze The Competition For Your Topic, And To Help You Create Optimized Content Faster With State Of The Art Ai Generation.",INCOME GENERATION,Jaylyn Mckenzie,North,Warehouse,"42,58,440.00","85,77,445.00",Medium,In - Progress,85%,Phase 1 - Explore,2024,10,10-01-2024,01-01-2025
Skill Up,"The Current Reality Of Content Marketing Is That Content Is Now Abundant, And Your Competitors Are Working Hard To Make Their Content As Good As Your Best Material. But What Works For Your Competitors May Not Work For You. We Use Proprietary Ai To Analyze The Competition For Your Topic And Help You Create Optimized Content Faster With State Of The Art Ai Generation.",INCOME GENERATION,Kamari Norris,North,Warehouse,"36,78,091.00","89,85,903.00",Medium,On - Hold,89%,Phase 2 - Develop,2024,12,12-01-2024,03-01-2025
Wombat,"Is The Only Ai Platform That Uses Ai For Content. We Are Building A Product To Help Founders Win With Content Marketing. Right Now, Founders Are Using Quick Tricks To Create Low Quality Content Fast. But, Big Brands Are Crushing Them With Ai-Based Content Generation That Looks Customized For The Audience, Is Optimized For The Content Strategy, And Is Written By An Ai. We Are Creating A Product That Can Compete With These Ai-Powered Businesses By Leveraging Our Ai To Analyze The Competition, Create Optimized",INCOME GENERATION,Aleena Khan,West,Admin & BI,"36,52,611.00","91,15,922.00",Low,Completed,100%,Phase 5 - Measure,2024,12,12-01-2024,03-01-2025
Debug Entity,"In This Ecosystem, Association Content Is Simplified, Made Easier, And Addressed As A Holistic Activity.",INCOME GENERATION,Kamari Norris,North,Warehouse,"47,90,417.00","88,72,443.00",Medium,In - Progress,73%,Phase 4 - Implement,2025,9,09-01-2025,12-01-2025
Remembering Our Ancestors,"Utilize And Utilizes (Verb Form) The Open, Inclusive, And Uncontrollable Content Marketplace To Make Your Brand The Top Content Site For Your Topic.",PROCESS IMPROVEMENT,Brenda Chandler,East,Sales and Marketing,"52,85,864.00","87,19,006.00",High,Cancelled,75%,Phase 5 - Measure,2021,3,03-01-2021,06-01-2021
The Coding Master,"Association Now Operates Like An Ai Editor, Working Invisibly Behind The Scenes To Help Brands Create Optimized Content. Associations Now Ai Platform Analyzes The Competition For Your Topic. When Your Ai Content Is Complete, It’S Custom-Printed, Personalized, And Delivered To Your Audience.",PROCESS IMPROVEMENT,Nyasia Hunter,West,Sales and Marketing,"33,26,031.00","85,04,224.00",Medium,In - Progress,77%,Phase 3 - Plan,2021,3,03-01-2021,06-01-2021
Robust Routine,"In A Space Where A Huge Space For Play Is Created, Market Leaders Can Easily Die Out. To Maintain A Competitive Edge, You Need Marketing Trends That Help You Grow Your Audience, Grow Your Brand, And Grow Your Bottom Line. Associations Now Is The Marketing Tool Of Choice For Founders Who Want To Win.",PROCESS IMPROVEMENT,Yael Wilcox,South,Warehouse,"51,30,016.00","91,65,877.00",Low,Cancelled,73%,Phase 4 - Implement,2021,5,05-01-2021,08-01-2021
Switch And Swift,"We Do All The Content For You, And We'Re Obsessively Committed To Making Sure You Win. We'Re Like A Startup In A Big Company.",PROCESS IMPROVEMENT,Deacon Delacruz,North,eCommerce,"41,70,710.00","88,48,636.00",High,Cancelled,72%,Phase 5 - Measure,2021,6,06-01-2021,09-01-2021
Hex Clan,"Allows Founders To Focus On What’S Important, Namely Their Core Business. Ai Takes The Work Out Of Determining Who Should Win The Content Marketing Battle, While ’S Proprietary Technology Help Founders Speed Their Content Production By Identifying Actionable Insights From Content Analysis.",PROCESS IMPROVEMENT,Jaylyn Mckenzie,South,eCommerce,"34,78,794.00","88,46,264.00",Medium,Cancelled,82%,Phase 2 - Develop,2021,7,07-01-2021,10-01-2021
Annual Award Show,"’S Online Content Marketing Solution Gives Content Creators The Power To Create Optimized Content Faster. With Our Sophisticated Ai Technology, It Is Easy To Reach An Audience Of Relevant, Interested People Without Spending Endless Hours On Content Development.",PROCESS IMPROVEMENT,Aleena Khan,East,Admin & BI,"55,05,123.00","90,88,011.00",High,Completed,100%,Phase 3 - Plan,2021,10,10-01-2021,01-01-2022
Enter Coding,"Registered As An Llc, Company Is Working To Match Your Brand With The Perfect Audience.",PROCESS IMPROVEMENT,Nyasia Hunter,South,Warehouse,"28,71,386.00","86,94,563.00",Low,In - Progress,86%,Phase 2 - Develop,2022,3,03-01-2022,06-01-2022
Charged By Codes,’S Marketing Solution Is Smart Marketing Software That Helps Founders Find Their Audience And Reach The Influencers That Could Launch Their Brand.,PROCESS IMPROVEMENT,Yael Wilcox,South,eCommerce,"50,44,306.00","87,52,182.00",Low,Completed,100%,Phase 1 - Explore,2022,4,04-01-2022,07-01-2022
Center For Creative Coding,"Intelligently Creates Seed Content For You With Immediate Impact, So You Can Spend Less Time On Content That Works. Uses Deep Understanding Of The Editorial Calendars Of The Most Influential Publishers In The World To Push The Right Content To The Right People. We Use Ai To Analyze Your Competitors, So You Can Begin To Dominate With Content Marketing.",PROCESS IMPROVEMENT,Yael Wilcox,North,eCommerce,"29,31,685.00","89,71,678.00",Medium,On - Hold,77%,Phase 1 - Explore,2022,4,04-01-2022,07-01-2022
Coding Region,"Is Built For Entrepreneurs And Creators Who Want To Beat Their Goals And Win At Content Marketing. With State Of The Art Ai Capabilities, We’Ve Developed A Proprietary Engine That Helps You Create Your Optimized Objective Content Faster Than Ever Before, And It’S Without Any Employees. Simply Plug In The Topic Of Your Choosing And Let Our Ai Do The Rest.",PROCESS IMPROVEMENT,Deacon Delacruz,North,Supply Chain,"37,18,103.00","91,27,150.00",Low,Cancelled,87%,Phase 1 - Explore,2022,6,06-01-2022,09-01-2022
Fast & Creative Gang,"Completely Transform How Your Content Marketing Is Done. No Waiting, No Stressing, No More Out-Of-Date Content. We Make Content Strategy Accessible To Everyone. Our Artificial Intelligence (Ai) Platform Tells You What Content To Create, When To Create It, And How To Get Results. You Get Better Results, Happier Founders, And Get Positive Roi At The Same Time.",PROCESS IMPROVEMENT,Aleena Khan,North,Supply Chain,"31,56,318.00","91,11,026.00",Medium,Completed,100%,Phase 3 - Plan,2022,8,08-01-2022,11-01-2022
The Coding Expert,"Hipaa-Compliant, Compliance Analytics. Automated Data Collection. Robust Web-To-Print.",PROCESS IMPROVEMENT,Yael Wilcox,East,Warehouse,"39,78,102.00","84,88,880.00",Medium,In - Progress,79%,Phase 5 - Measure,2022,8,08-01-2022,11-01-2022
Ceremony Worthy Of Time,Four-Minute Solution For Founders Of All Sizes.,PROCESS IMPROVEMENT,Kamari Norris,South,Warehouse,"40,13,283.00","88,30,540.00",Low,On - Hold,79%,Phase 4 - Implement,2023,7,07-01-2023,10-01-2023
The Coding Awards,"From The Wordpress Blog To The Tinder Blog, The Internet Is Flooded With Content. Growing Your Brand Online Has Never Been Easier. But, Today, Not All Content Is Good Content. Is The Solution For Founders Who Want To Win At Content Marketing. We Use Proprietary Algorithms And Ai To Analyze The Competition For Your Topic, And To Help You Create Optimized Content Faster With State Of The Art Ai Generation. The Result: You Eek Out A Marginal Edge In The Content Marketing",PROCESS IMPROVEMENT,Nyasia Hunter,North,Supply Chain,"46,12,925.00","89,10,680.00",High,Cancelled,90%,Phase 4 - Implement,2023,8,08-01-2023,11-01-2023
Open Source Pundits,"When Founders Want To Win At Content Marketing, They Struggle With The Lack Of Content. Offers The Solution By Employing Ai To Analyze The Competition For Your Cause And To Help You Create Optimized Content.",PROCESS IMPROVEMENT,Aleena Khan,North,Supply Chain,"28,06,512.00","90,16,356.00",Low,In - Progress,80%,Phase 2 - Develop,2023,9,09-01-2023,12-01-2023
Celestial Interface,"Is A Solution For Founders Who Want To Win At Content Marketing And Standing Out In A Crowded And Competitive Marketplace. Now, You Can Create Content That Is Perfectly Targeted And Optimized With State-Of-The-Art Ai Generation. Ai Wireframes Your Content And Reveals Where Your Competition Is. That Keeps You Rolling, Wireframes Your Content And Reveals Where Your Competition Is. That Keeps You Rolling, And The Ai Generates Well-Crafted Content Without Ever Needing To Touch A Keyboard. The Software Works Like Magic",PROCESS IMPROVEMENT,Brenda Chandler,North,eCommerce,"45,69,504.00","86,78,737.00",Low,In - Progress,73%,Phase 4 - Implement,2023,11,11-01-2023,02-01-2024
Smart Brief Leadership,"Is A Solution For Founders Who Want To Win At Content Marketing. We Use Proprietary Ai To Analyze The Competition For Your Topic, And To Help You Create Optimized Content Faster With State Of The Art Ai Generation.",PROCESS IMPROVEMENT,Kamari Norris,South,eCommerce,"45,05,046.00","90,26,066.00",High,Cancelled,78%,Phase 4 - Implement,2024,3,03-01-2024,06-01-2024
Wide Stringer,"In A Saturated Market Of Founders Turning To Content Marketing, Finding A Way To Stand Out From The Crowd Is A Competitive Advantage. ’S Ai Takes A Deep Dive Into A Topic’S Domain And Produces A Content Strategy In Minutes In A Standalone Ai Tool. Rapid, Accurate, And Tailored Content Is A Step Towards Building A Meaningful Audience That Can Amplify Your Voice.",PROCESS IMPROVEMENT,Aleena Khan,South,Admin & BI,"40,09,744.00","87,25,076.00",High,Cancelled,80%,Phase 4 - Implement,2024,10,10-01-2024,01-01-2025
Gob Geeklords,You Work Hard To Build Your Company - Now Come Reap The Rewards. Has Made It Easy For You To Win The Battle For Attention Across The Web By Creating Optimized Content For Your Topic.,PROCESS IMPROVEMENT,Kamari Norris,North,Sales and Marketing,"57,32,006.00","90,81,480.00",High,Completed,100%,Phase 2 - Develop,2024,11,11-01-2024,03-01-2025
Java Dalia,Is A Software-As-A-Service Startup That Uses Proprietary Ai To Generate Content For You. Our Solutions Have Helped Thousands Of Founders Increase Their Private Company Content Marketing Efficiency By 30-60% While Generating 80-100% Roi On Their Marketing Spend.,PROCESS IMPROVEMENT,Aleena Khan,East,Sales and Marketing,"27,81,408.00","90,73,188.00",Low,Cancelled,73%,Phase 5 - Measure,2024,11,11-01-2024,03-01-2025
Excel And Elevate Training,"We’Re A Content Marketing Software That Is Part Machine Learning, Part Data Analytics, And Part Human Strategic Insight. We Help You Keep Track Of The Competition, And Generate Content That Changes The Way They Th About Your Topic. Our Ai Engine Is Designed To Understand The Preferences Of The People Most Likely To Buy, And To Help You Place Better Outreach.",PROCESS IMPROVEMENT,Aleena Khan,West,Supply Chain,"44,34,679.00","90,97,786.00",High,On - Hold,86%,Phase 5 - Measure,2024,12,12-01-2024,03-01-2025
Box Of Crayons,"Satellites Are Now Outdated. Desperate For An Edge, The Diy Founders Are Turning To Ai To Optimize Their Content Marketing. With Ai Capacity To Learn And Analyze Competitors, Now Is The Time To Enter The Game. Join Now To Win With The Ai.",PROCESS IMPROVEMENT,Brenda Chandler,West,eCommerce,"42,86,305.00","86,85,423.00",High,On - Hold,81%,Phase 4 - Implement,2025,1,01-01-2025,05-01-2025
An Evening Affair,"Helps You Generate The Content You Need To Succeed With Enterprise-Level Quality. Our Proprietary Ai Algorithm Delivers Customers To Your Website With Industry-Leading Efficiency. No Copy Pasting Seo Articles, No Seo Articles That Get Copied Pasted, No Guessing What To Write Or Where To Promote—15Five Captures Your Audience.",PROCESS IMPROVEMENT,Nyasia Hunter,North,Sales and Marketing,"36,85,580.00","88,90,269.00",Low,On - Hold,92%,Phase 4 - Implement,2025,5,05-01-2025,08-01-2025
Software Chasers,Reach New Audiences And Connect With Their Most Influential Audience In Minutes With This Breakthrough Automation Technology.,PROCESS IMPROVEMENT,Deacon Delacruz,East,Supply Chain,"39,32,724.00","90,06,043.00",High,In - Progress,81%,Phase 5 - Measure,2025,7,07-01-2025,10-01-2025
Made By Me,"With 15 Five, We Take The Guesswork Out Of Content Marketing. We Analyze Trends That Are Relevant To Your Business, Like Like-Minded Competitors, And Build Out The Content That Will Capture Their Deepest Needs And Wants. Upload Your Logo, Change Colors On The Fly, And Optimize Everything With State Of The Art Ai Content Generation.",PROCESS IMPROVEMENT,Yael Wilcox,West,Supply Chain,"42,83,481.00","88,95,152.00",Low,Completed,100%,Phase 3 - Plan,2025,11,11-01-2025,03-01-2026
Skyhawks,"Is A Solution For Founders Who Want To Win At Content Marketing. We Use Proprietary Ai To Analyze The Competition For Your Topic, And To Help You Create Optimized Content Faster With State Of The Art Ai Generation.",WORKING CAPITAL IMPROVEMENT,Jaylyn Mckenzie,East,eCommerce,"57,85,601.00","86,30,148.00",High,Completed,100%,Phase 1 - Explore,2021,3,03-01-2021,06-01-2021
Mo-Money Masterclass,Associations Now Helps It Departments And Association Leaders Stay Ahead Of The Cyber-Threat Tidal Wave With Customized Security Solutions And Cybersecurity Strategies. Our Customers Include Is The Boards Of Governors Of The Most Famous And Influential Associations In The World.​​,WORKING CAPITAL IMPROVEMENT,Yael Wilcox,West,Warehouse,"31,90,009.00","86,74,613.00",High,Completed,100%,Phase 1 - Explore,2021,4,04-01-2021,07-01-2021
Yosemite,You Are Leading Upstart On A Journey To Build Your Company. That Where The Journey Ends. Let Get You Over The Hump. We Are Just Two Industry Veterans Busy Building Our Own Company. We Know What It Like.,WORKING CAPITAL IMPROVEMENT,Kamari Norris,South,Supply Chain,"34,75,275.00","89,94,585.00",Low,On - Hold,90%,Phase 4 - Implement,2021,5,05-01-2021,08-01-2021
A Salute To New Workers,"Every Year, Entrepreneurs And Startups Write Thousands Of Blog Posts And Press Releases. Those Who Succeed See Their Search Traffic And Revenue Skyrocket, While Those Who Fail Either Give Up Or Waste Tons Of Time And Money. Enables You To Run Ahead Of The Competition By Optimizing Content, And Generating Content For You At Scale.",WORKING CAPITAL IMPROVEMENT,Aleena Khan,West,eCommerce,"25,34,102.00","90,72,551.00",Medium,In - Progress,93%,Phase 3 - Plan,2021,5,05-01-2021,08-01-2021
The Guy With Codes,"Is A Platform That Helps You Generate Scalable Content That Converts. ’S Ai Engine Allows You To Create Content That Will Outperform Competitors, Build Brand Awareness, And Maximize Conversions.",WORKING CAPITAL IMPROVEMENT,Jaylyn Mckenzie,South,Warehouse,"34,72,986.00","91,25,362.00",Medium,Completed,100%,Phase 4 - Implement,2021,7,07-01-2021,10-01-2021
Limitless Horizons,Outside Offers A Solution For Founders Who Want To Win At Content Marketing—We Help You Create Optimized Content Faster And More Effectively With State Of The Art Ai Generation.,WORKING CAPITAL IMPROVEMENT,Jaylyn Mckenzie,South,Admin & BI,"44,13,449.00","85,47,257.00",High,Completed,100%,Phase 4 - Implement,2021,8,08-01-2021,11-01-2021
The Successful Project,"Our Content Automation Is 100% Customizable--Creating High Quality Content, With Optimized Structure, That Is Shared Across All Social Media Channels. We Automatically Generate Content For You By Scanning The Sites Of Your Competition--Allowing You To Never Be Caught Off Guard Again. Additionally, Offers A Service That Will Help You Generate The Content For Your Site--So You Can Spend More Time Growing Your Brand, And Less Time On Content Creation.",WORKING CAPITAL IMPROVEMENT,Deacon Delacruz,East,Supply Chain,"59,74,815.00","89,73,631.00",Low,Cancelled,86%,Phase 5 - Measure,2022,1,01-01-2022,05-01-2022
The Principal Of Change,"Is The Solution For Founders Who Want To Win At Content Marketing. We Use Proprietary Ai To Analyze The Competition For Your Topic, And To Help You Create Optimized Content Faster With State Of The Art Ai Generation.",WORKING CAPITAL IMPROVEMENT,Kamari Norris,North,Sales and Marketing,"37,30,999.00","87,15,081.00",Medium,In - Progress,77%,Phase 1 - Explore,2022,4,04-01-2022,07-01-2022
Associations Now,"Is A Start-Up That Is Changing The Way We Th About Content Marketing. From Your Ideation Phase To Content Creation To Post-Launch Optimization, We Help You Compete In A Competitive Market By Optimizing The Content In Realtime And Inefficiencies And Inefficiencies And Inefficiencies And Inefficiency Inefficiency Inefficiency Inefficiencies.",WORKING CAPITAL IMPROVEMENT,Nyasia Hunter,East,Sales and Marketing,"24,50,782.00","84,70,209.00",Medium,On - Hold,91%,Phase 5 - Measure,2022,6,06-01-2022,09-01-2022
Search Engine Master,"Associations Now Is A Fully-Nightly, Optimized Content Marketing Platform That Won'T Just Create The Perfect Page For Your Associations, It'Ll Beat Anything Else Out There.",WORKING CAPITAL IMPROVEMENT,Jaylyn Mckenzie,West,eCommerce,"37,87,473.00","87,26,782.00",Medium,Cancelled,77%,Phase 1 - Explore,2022,9,09-01-2022,12-01-2022
Evening Shindig,"Is A Completely Different Way Of Creating Content\N\Nai Generates As-Human-Ly As Possible. In Seconds, Your Topics Become Insanely Crisp, Resonating With Your Target Audience. Allowing You To Spend Hours More Writing And Refining That Perfect Copy, Rather Than Squinting At A Spreadsheet And Grasping At Straws. Our App Empowers You To Share And Sell Your Content And Goes Behind The Scenes To Help You Understand Your Products And Services, And More Importantly Your Products And Services",WORKING CAPITAL IMPROVEMENT,Kamari Norris,East,Supply Chain,"34,72,531.00","90,84,736.00",Low,Cancelled,83%,Phase 3 - Plan,2022,11,11-01-2022,03-01-2023
The Morning Ceremony,Lead With Content Optimization Plans In Place In Advance Of Your Next Pr Push. Helps Your Media Team Create Content In Advance Of Your Next Pr Push. The Ai Helps You Optimize For Future Content In Order To Win In The Game Of Content Marketing.,WORKING CAPITAL IMPROVEMENT,Jaylyn Mckenzie,South,Supply Chain,"48,02,423.00","87,80,231.00",High,In - Progress,77%,Phase 5 - Measure,2022,11,11-01-2022,03-01-2023
The Code Honors,"Is The World First Content Marketing Platform Built For Founders And Other Small-To-Medium-Business Organizations. Using Proprietary Ai, We Use Ai Technology To Power Content Marketing For Our Entrepreneurs And Smbs. Get Your Roi With Smart Content Marketing And Your Business Will Never Be The Same",WORKING CAPITAL IMPROVEMENT,Brenda Chandler,East,Warehouse,"58,96,885.00","85,39,690.00",Medium,Cancelled,88%,Phase 3 - Plan,2022,12,12-01-2022,03-01-2023
Yellow Moose,Get Connected To The Right People & Knowledge,WORKING CAPITAL IMPROVEMENT,Brenda Chandler,North,Warehouse,"55,43,765.00","87,69,988.00",Medium,On - Hold,77%,Phase 2 - Develop,2023,2,02-01-2023,06-01-2023
Coding League,"Is A Solution For Founders Who Want To Win At Content Marketing. We Use Proprietary Ai To Analyze The Competition For Your Topic, And To Help You Create Optimized Content Faster With State Of The Art Ai Generation. -Ai Analysis Of The Whole Competitive Landscape To Cookie-Cut Your Kpis For Content Marketing -Ai-Generated Optimized Content To Help You Build Rankings Faster -Industry-Specific Knowledgebase That’S Constantly Updated With Over 1,000+ White Papers -Ai-Generated Content To",WORKING CAPITAL IMPROVEMENT,Aleena Khan,West,Admin & BI,"59,49,337.00","90,12,834.00",Medium,Cancelled,87%,Phase 4 - Implement,2023,8,08-01-2023,11-01-2023
Next Gala,"Founded By Former Founders Factory Co-Founders, Is A Solution For Founders Who Want To Win At Content Marketing. We Have Used Our Proprietary Ai To Analyze The Competition For Your Topic, And Optimize Content Faster With State Of The Art Ai Generation.",WORKING CAPITAL IMPROVEMENT,Aleena Khan,North,Warehouse,"32,61,249.00","86,96,481.00",High,Completed,100%,Phase 2 - Develop,2023,11,11-01-2023,02-01-2024
Red Butter,"We'Re A Small Group Of Entrepreneurs Of Mixed Backgrounds That Had A Goal: To Change The Way The World Looked At The Pr And Content Marketing Industry. Our Passion For Winning Convinced Us That A New Platform Was Needed To Bridge The Gap Between Understanding How To Create Content On A Topic And Actually Creating The Content On The Topic. Learn How To Use Our State Of The Art Ai To Reduce Your Wait Time From Months To Hours, For A Better Return On Your Content Campaign.",WORKING CAPITAL IMPROVEMENT,Deacon Delacruz,East,eCommerce,"46,03,061.00","86,54,153.00",Medium,Completed,100%,Phase 3 - Plan,2024,2,02-01-2024,05-01-2024
Fast Ball,"Uses Continuous Continuous Learning Algorithms To Constantly Improve The Recommendations; We Constantly See Product Changes And Improvements. The More You Use Our Platform, The More We Learn Which Leads To Our Clients Benefiting More And More.",WORKING CAPITAL IMPROVEMENT,Yael Wilcox,North,Supply Chain,"44,26,475.00","85,15,880.00",High,Cancelled,83%,Phase 3 - Plan,2024,7,07-01-2024,10-01-2024
The Network,"Works With A Variety Of Industries From Startups To Established Businesses. It Is Perfect For High-Volume Emailers, Bloggers, Tradeshows, And Content Marketers Who Would Like To Optimize Their Content With Competitive Analysis And Ai Generation.",WORKING CAPITAL IMPROVEMENT,Nyasia Hunter,North,Supply Chain,"54,18,933.00","88,46,243.00",Medium,On - Hold,91%,Phase 4 - Implement,2024,8,08-01-2024,11-01-2024
Indie Profilers,"Is A Solution For Founders Who Want To Win At Content Marketing. We Use Proprietary Ai To Analyze The Competition For Your Topic, And To Help You Create Optimized Content Faster With State Of The Art Ai Generation.",WORKING CAPITAL IMPROVEMENT,Aleena Khan,South,Supply Chain,"54,61,756.00","88,04,458.00",Low,Cancelled,84%,Phase 2 - Develop,2024,10,10-01-2024,01-01-2025
Leadership Insights,"Most Small And Medium-Sized Business Owners Find Themselves With Limited Resources, Working Day-To-Day, Yet Still Struggling To Keep Up With The Flow Of Content On Competitive Topics. With No Help From Remote Agency Staffing, This Is Where Comes In. Founded By Entrepreneurs With Years Of Experience Leveraging Content To Grow Their Businesses, Is A Business Development Company For Organizations That Want To Win At Content Marketing. With Our Proprietary Ai Technology, Is The Go-To Tool For Content",WORKING CAPITAL IMPROVEMENT,Kamari Norris,North,Sales and Marketing,"35,26,630.00","91,46,561.00",Medium,Completed,100%,Phase 3 - Plan,2024,11,11-01-2024,03-01-2025
The Social Experiment,"Ai Helps You Create Effective Content That Draws Traffic, Converts Your Visitors Into Leads, And Helps You Win At Content Marketing.",WORKING CAPITAL IMPROVEMENT,Deacon Delacruz,West,Supply Chain,"29,06,572.00","85,99,058.00",High,Completed,100%,Phase 5 - Measure,2025,1,01-01-2025,05-01-2025
Super Happy Fun Time!,"Content Automation Tool Is Powered By Ai Technology That Analyzes Your Competitors, Identify Your Topic, And Creates Content Optimized For Your Audience.",WORKING CAPITAL IMPROVEMENT,Yael Wilcox,East,Sales and Marketing,"58,80,610.00","86,26,940.00",High,Completed,100%,Phase 5 - Measure,2025,7,07-01-2025,10-01-2025
Strive Training,"Was Built To Help Founders Create Optimized Content Faster With State Of The Art Ai Generation Through A Proprietary Ai Platform. Through A Quick Analysis Of Your Content, 20,000 Quantifiable Metrics Are Computed With A Machine Learning Algorithm To Give You A Detailed Analysis Of The Competition And Help With Content Generation.",WORKING CAPITAL IMPROVEMENT,Nyasia Hunter,South,Supply Chain,"52,59,436.00","88,17,917.00",Medium,On - Hold,80%,Phase 2 - Develop,2025,8,08-01-2025,11-01-2025
7Th Annual Workshop,Welcome To The Future Of Content Creation. The Promise Of The Future Is That Anyone Can Create Any Content They Want By Routing Their Personal Skills And Experience To An Area Of Expertise. What Do You Th The Most Important Skill In The Future Is? How About The One Most In Demand? Quite Possibly Both Are “Content Marketing. ”,WORKING CAPITAL IMPROVEMENT,Nyasia Hunter,West,Sales and Marketing,"50,54,482.00","84,22,578.00",High,In - Progress,83%,Phase 3 - Plan,2025,12,12-01-2025,03-01-2026
